filename,width,height,class,xmin,ymin,xmax,ymax
NY_00031.jpg,3360,2100,technology,395,789,1305,947
NY_00031.jpg,3360,2100,food_beverage,1554,776,2604,923
NY_00031.jpg,3360,2100,finance_investing,2847,791,3355,1026
NY_00032.jpg,3360,2100,health_pcare,802,329,1582,629
NY_00032.jpg,3360,2100,food_beverage,1587,403,3185,611
NY_00033.jpg,3360,2100,rest_drink,224,186,917,484
NY_00033.jpg,3360,2100,rest_drink,1043,493,2387,563
NY_00034.jpg,3360,2100,other,401,441,1041,632
NY_00034.jpg,3360,2100,health_pcare,1326,537,2073,605
NY_00034.jpg,3360,2100,other,2139,259,2924,509
NY_00035.jpg,3360,2100,rest_drink,221,458,1915,631
NY_00036.jpg,3360,2100,rest_drink,452,368,2131,635
NY_00037.jpg,3360,2100,other,1716,504,2856,655
NY_00038.jpg,3360,2100,rest_drink,899,320,2332,607
NY_00038.jpg,3360,2100,rest_drink,193,478,822,610
NY_00039.jpg,3360,2100,finance_investing,1317,415,2566,649
NY_00040.jpg,3360,2100,food_beverage,1529,952,2115,1035
NY_00041.jpg,3360,2100,food_beverage,853,834,2025,926
NY_00041.jpg,3360,2100,health_pcare,2310,844,2588,912
NY_00042.jpg,3360,2100,rest_drink,699,559,1508,741
NY_00042.jpg,3360,2100,rest_drink,99,506,664,776
NY_00042.jpg,3360,2100,health_pcare,1749,348,2588,648
NY_00042.jpg,3360,2100,fashion,2641,684,3356,813
NY_00043.jpg,3360,2100,gas,666,498,941,611
NY_00044.jpg,3360,2100,food_beverage,503,928,1019,1088
NY_00044.jpg,3360,2100,health_pcare,1101,966,2227,1117
NY_00044.jpg,3360,2100,health_pcare,4,937,307,1091
NY_00045.jpg,3360,2100,finance_investing,1184,142,2558,477
NY_00046.jpg,3360,2100,food_beverage,178,456,1063,628
NY_00046.jpg,3360,2100,health_pcare,1078,514,1718,651
NY_00046.jpg,3360,2100,health_pcare,2122,465,2730,617
NY_00047.jpg,3360,2100,other,1335,522,1988,678
NY_00047.jpg,3360,2100,rest_drink,2258,381,3113,569
NY_00048.jpg,3360,1940,rest_drink,85,324,2935,514
NY_00049.jpg,3360,1940,food_beverage,1154,907,2252,992
NY_00050.jpg,3360,1940,finance_investing,1375,812,1883,929
NY_00051.jpg,3360,1940,health_pcare,996,630,1616,760
NY_00051.jpg,3360,1940,health_pcare,1798,644,2361,757
NY_00052.jpg,3360,1940,other,1511,516,2540,700
NY_00052.jpg,3360,1940,other,8,687,456,806
NY_00053.jpg,3360,1940,food_beverage,227,739,741,830
NY_00053.jpg,3360,1940,fashion,843,766,1108,853
NY_00053.jpg,3360,1940,health_pcare,1239,759,1504,858
NY_00053.jpg,3360,1940,other,2196,717,2898,784
NY_00054.jpg,3360,1940,gas,740,343,1181,532
NY_00054.jpg,3360,1940,gas,2502,304,2834,471
NY_00055.jpg,3360,1940,other,945,654,1561,784
NY_00056.jpg,3360,2100,other,1216,801,1748,918
NY_00057.jpg,3360,2100,rest_drink,1151,719,2247,848
NY_00057.jpg,3360,2100,technology,538,836,789,924
NY_00057.jpg,3360,2100,fashion,103,769,390,925
NY_00057.jpg,3360,2100,rest_drink,2748,763,3020,864
NY_00057.jpg,3360,2100,rest_drink,3108,804,3353,863
NY_00058.jpg,3360,2100,fashion,92,210,1100,795
NY_00058.jpg,3360,2100,technology,1672,215,2812,759
NY_00059.jpg,3360,2100,rest_drink,110,618,838,831
NY_00059.jpg,3360,2100,rest_drink,1048,747,1977,922
NY_00060.jpg,3360,2100,rest_drink,725,488,2145,614
NY_00061.jpg,3360,2100,rest_drink,1286,310,2189,503
NY_00061.jpg,3360,2100,other,346,390,960,539
NY_00062.jpg,3360,2100,rest_drink,1216,778,2093,888
NY_00063.jpg,3360,2100,rest_drink,725,535,1312,763
NY_00063.jpg,3360,2100,other,1653,618,2913,820
NY_00064.jpg,3360,2100,rest_drink,292,289,1362,581
NY_00064.jpg,3360,2100,rest_drink,1689,272,2224,567
NY_00065.jpg,3360,2100,rest_drink,552,500,2604,658
NY_00066.jpg,3360,2100,food_beverage,1355,539,2433,752
NY_00066.jpg,3360,2100,health_pcare,1690,804,2492,944
NY_00067.jpg,3360,1936,rest_drink,1288,135,2508,601
NY_00068.jpg,3360,1936,rest_drink,769,154,1343,332
NY_00068.jpg,3360,1936,other,1608,212,2197,343
NY_00068.jpg,3360,1936,health_pcare,2221,77,2682,320
NY_00069.jpg,3360,1939,other,1445,666,2151,763
NY_00070.jpg,3360,1937,health_pcare,59,904,773,1169
NY_00070.jpg,3360,1937,health_pcare,774,861,1435,1142
NY_00070.jpg,3360,1937,health_pcare,1439,806,2302,1070
NY_00071.jpg,3360,2100,other,918,500,1725,675
NY_00071.jpg,3360,2100,food_beverage,1730,526,2426,655
NY_00072.jpg,3360,2100,rest_drink,186,717,901,925
NY_00072.jpg,3360,2100,other,951,467,1591,702
NY_00072.jpg,3360,2100,other,1609,640,2240,903
NY_00072.jpg,3360,2100,other,2273,458,3126,750
NY_00073.jpg,3360,2100,food_beverage,3,953,587,1070
NY_00073.jpg,3360,2100,health_pcare,1019,999,1416,1069
NY_00073.jpg,3360,2100,other,1539,934,2021,1048
NY_00073.jpg,3360,2100,rest_drink,2161,916,2919,1012
NY_00074.jpg,3360,2100,food_beverage,1804,956,2472,1068
NY_00074.jpg,3360,2100,health_pcare,2799,980,3354,1065
NY_00075.jpg,3360,2100,health_pcare,2435,631,2913,793
NY_00075.jpg,3360,2100,food_beverage,443,594,774,782
NY_00076.jpg,3360,2100,rest_drink,721,458,1471,550
NY_00076.jpg,3360,2100,food_beverage,1572,555,2416,682
NY_00077.jpg,3360,2100,other,13,675,495,767
NY_00077.jpg,3360,2100,health_pcare,1153,609,1979,690
NY_00077.jpg,3360,2100,food_beverage,580,631,1090,765
NY_00077.jpg,3360,2100,other,2148,643,2560,816
NY_00077.jpg,3360,2100,health_pcare,2641,607,3335,792
NY_00078.jpg,3360,2100,rest_drink,1802,535,2047,610
NY_00079.jpg,3360,2100,rest_drink,530,761,1161,809
NY_00079.jpg,3360,2100,rest_drink,1451,601,2032,827
NY_00079.jpg,3360,2100,health_pcare,2724,618,3355,813
NY_00080.jpg,3360,2100,rest_drink,627,548,2670,750
NY_00081.jpg,3360,2100,rest_drink,491,535,1872,610
NY_00081.jpg,3360,2100,fashion,1881,539,2425,614
NY_00081.jpg,3360,2100,health_pcare,2439,546,3349,610
NY_00082.jpg,3360,2100,finance_investing,533,644,1145,767
NY_00083.jpg,3360,2100,food_beverage,1863,640,2836,910
NY_00084.jpg,3360,2100,health_pcare,1175,561,1409,655
NY_00084.jpg,3360,2100,health_pcare,599,573,853,649
NY_00085.jpg,3360,2100,finance_investing,567,222,1274,497
NY_00086.jpg,3360,2100,fashion,731,240,1254,415
NY_00087.jpg,3360,2100,rest_drink,1338,579,2472,751
NY_00087.jpg,3360,2100,finance_investing,2566,584,3358,835
NY_00088.jpg,3360,2100,technology,1537,544,2367,719
NY_00088.jpg,3360,2100,other,2376,497,3118,664
NY_00089.jpg,3360,2100,finance_investing,962,793,2047,909
NY_00090.jpg,3360,2100,food_beverage,513,699,1607,767
NY_00090.jpg,3360,2100,food_beverage,2372,375,2637,669
NY_00091.jpg,3360,2100,rest_drink,156,872,680,942
NY_00091.jpg,3360,2100,rest_drink,693,870,1215,971
NY_00091.jpg,3360,2100,rest_drink,1344,969,1524,1008
NY_00091.jpg,3360,2100,health_pcare,1745,916,2039,986
NY_00091.jpg,3360,2100,rest_drink,2229,956,2661,1039
NY_00091.jpg,3360,2100,health_pcare,2735,1056,2948,1109
NY_00091.jpg,3360,2100,other,682,592,1208,715
NY_00091.jpg,3360,2100,health_pcare,1214,642,1705,703
NY_00091.jpg,3360,2100,health_pcare,1762,408,1858,463
NY_00091.jpg,3360,2100,health_pcare,1902,413,1996,467
NY_00091.jpg,3360,2100,health_pcare,2042,418,2131,472
NY_00092.jpg,3360,2100,rest_drink,1696,875,2709,969
NY_00092.jpg,3360,2100,other,1339,861,1685,951
NY_00092.jpg,3360,2100,health_pcare,1054,866,1335,932
NY_00092.jpg,3360,2100,other,647,772,912,897
NY_00092.jpg,3360,2100,other,379,311,1028,421
NY_00093.jpg,3360,2100,health_pcare,362,574,956,732
NY_00093.jpg,3360,2100,fashion,967,730,1484,787
NY_00093.jpg,3360,2100,health_pcare,1475,647,1997,715
NY_00093.jpg,3360,2100,health_pcare,2218,671,2409,717
NY_00094.jpg,3360,2100,food_beverage,888,359,2981,679
NY_00095.jpg,3360,2100,rest_drink,6,286,985,496
NY_00095.jpg,3360,2100,health_pcare,1058,310,2247,485
NY_00096.jpg,3360,2100,other,731,254,2528,666
NY_00097.jpg,3360,2100,food_beverage,2527,660,3128,767
NY_00097.jpg,3360,2100,rest_drink,228,403,914,692
NY_00098.jpg,3360,2100,rest_drink,555,412,1470,508
NY_00098.jpg,3360,2100,food_beverage,1487,216,2203,444
NY_00098.jpg,3360,2100,rest_drink,2206,310,3150,517
NY_00099.jpg,3360,2100,health_pcare,2268,438,2987,739
NY_00100.jpg,3360,2100,other,91,637,997,804
NY_00100.jpg,3360,2100,rest_drink,1841,710,2542,888
NY_00101.jpg,3360,2100,health_pcare,1198,950,1759,1029
NY_00101.jpg,3360,2100,other,1950,894,2519,1013
NY_00101.jpg,3360,2100,health_pcare,2667,896,3355,1002
NY_00102.jpg,3360,2100,other,1464,491,2328,605
NY_00103.jpg,3360,2100,rest_drink,2255,1021,2544,1074
NY_00104.jpg,3360,2100,rest_drink,340,254,1267,442
NY_00104.jpg,3360,2100,rest_drink,2076,265,2828,445
NY_00105.jpg,3360,2100,rest_drink,596,537,1915,682
NY_00106.jpg,3360,2100,health_pcare,224,250,713,539
NY_00106.jpg,3360,2100,other,978,763,1311,820
NY_00106.jpg,3360,2100,other,1468,660,3353,820
NY_00107.jpg,3360,2100,rest_drink,296,1030,888,1096
NY_00107.jpg,3360,2100,health_pcare,1081,1030,1695,1100
NY_00107.jpg,3360,2100,rest_drink,1898,1030,2538,1091
NY_00108.jpg,3360,2100,health_pcare,397,565,2115,762
NY_00109.jpg,3360,2100,rest_drink,576,1043,995,1120
NY_00109.jpg,3360,2100,other,1289,1050,1947,1122
NY_00109.jpg,3360,2100,technology,2159,1045,2878,1124
NY_00110.jpg,3360,2100,other,129,818,705,971
NY_00110.jpg,3360,2100,rest_drink,743,929,1282,1006
NY_00110.jpg,3360,2100,rest_drink,1284,855,1785,1008
NY_00110.jpg,3360,2100,rest_drink,1795,861,2278,944
NY_00110.jpg,3360,2100,rest_drink,2315,960,3298,1005
NY_00111.jpg,3360,2100,rest_drink,316,401,656,530
NY_00111.jpg,3360,2100,rest_drink,1852,555,2089,741
NY_00112.jpg,3360,2100,health_pcare,618,631,969,800
NY_00112.jpg,3360,2100,rest_drink,1184,750,1907,811
NY_00113.jpg,3360,2100,finance_investing,745,519,1302,670
NY_00113.jpg,3360,2100,fashion,3172,802,3310,872
NY_00114.jpg,3360,2100,rest_drink,695,671,2249,851
NY_00114.jpg,3360,2100,other,2293,769,2775,837
NY_00115.jpg,3360,2100,other,2286,162,3231,517
NY_00116.jpg,3360,2100,fashion,837,136,1617,623
NY_00116.jpg,3360,2100,fashion,1626,285,3162,618
NY_00116.jpg,3360,2100,fashion,373,390,818,627
NY_00117.jpg,3360,2100,other,1159,828,1766,1109
NY_00117.jpg,3360,2100,other,725,818,1001,1079
NY_00118.jpg,3360,2100,rest_drink,158,956,1824,1125
NY_00119.jpg,3360,2100,other,984,625,1716,719
NY_00120.jpg,3360,2100,other,1532,1072,2183,1168
NY_00121.jpg,3360,2100,rest_drink,2258,644,2946,714
NY_00122.jpg,3360,2100,other,1670,741,2100,807
NY_00123.jpg,3360,2100,other,1032,741,2049,962
NY_00123.jpg,3360,2100,rest_drink,2054,782,3253,975
NY_00124.jpg,3360,2100,rest_drink,267,469,1326,697
NY_00125.jpg,3360,2100,rest_drink,1832,758,2604,854
NY_00126.jpg,3360,2100,rest_drink,2279,732,2726,831
NY_00126.jpg,3360,2100,rest_drink,2873,741,3292,811
NY_00127.jpg,3360,2100,other,813,171,1194,298
NY_00127.jpg,3360,2100,fashion,1622,366,1960,471
NY_00127.jpg,3360,2100,other,2258,351,2751,450
NY_00128.jpg,3360,2100,fashion,828,581,1801,693
NY_00129.jpg,3360,2100,rest_drink,61,787,922,881
NY_00129.jpg,3360,2100,fashion,1968,782,2387,837
NY_00130.jpg,3360,2100,rest_drink,1083,715,1933,772
NY_00130.jpg,3360,2100,finance_investing,1232,401,1427,462
NY_00131.jpg,3360,2100,health_pcare,1407,425,2792,559
NY_00132.jpg,3360,2100,food_beverage,1714,379,2755,546
NY_00133.jpg,3360,2100,rest_drink,2001,108,2417,225
NY_00133.jpg,3360,2100,rest_drink,1163,110,1669,239
NY_00134.jpg,3360,2100,health_pcare,1556,243,2608,556
NY_00135.jpg,3360,2100,rest_drink,454,259,2172,474
NY_00135.jpg,3360,2100,health_pcare,2380,373,3358,559
NY_00136.jpg,3360,2100,other,1013,533,1848,629
NY_00136.jpg,3360,2100,rest_drink,2407,364,3150,513
NY_00137.jpg,3360,2100,finance_investing,513,412,857,574
NY_00137.jpg,3360,2100,finance_investing,1107,338,2069,537
NY_00138.jpg,3360,2100,other,813,706,1668,811
NY_00138.jpg,3360,2100,other,1749,653,2604,815
NY_00139.jpg,3360,2100,other,92,642,2249,890
NY_00140.jpg,3360,2100,other,83,294,1541,596
NY_00141.jpg,3360,2100,other,605,1078,1289,1144
NY_00141.jpg,3360,2100,other,1523,1059,2062,1118
NY_00142.jpg,3360,2100,gas,1247,627,1935,752
NY_00143.jpg,3360,2100,gas,1734,559,1920,699
NY_00143.jpg,3360,2100,rest_drink,2542,835,2717,912
NY_00144.jpg,3360,2100,health_pcare,329,653,1635,852
NY_00144.jpg,3360,2100,rest_drink,1648,809,2520,908
NY_00144.jpg,3360,2100,other,2,855,504,925
NY_00145.jpg,3360,2100,other,631,627,1760,859
NY_00146.jpg,3360,2100,rest_drink,1339,533,2049,697
NY_00147.jpg,3360,2100,rest_drink,2183,392,2661,513
NY_00147.jpg,3360,2100,rest_drink,2661,386,3009,489
NY_00148.jpg,3360,2100,food_beverage,215,517,1585,673
NY_00148.jpg,3360,2100,other,1626,570,2842,765
NY_00149.jpg,3360,2100,rest_drink,149,708,778,802
NY_00149.jpg,3360,2100,rest_drink,1127,690,1491,789
NY_00149.jpg,3360,2100,rest_drink,1653,695,2061,787
NY_00149.jpg,3360,2100,health_pcare,2065,820,2883,925
NY_00150.jpg,3360,2100,other,66,785,774,877
NY_00150.jpg,3360,2100,rest_drink,1948,782,2452,922
NY_00150.jpg,3360,2100,health_pcare,2836,715,3336,840
NY_00150.jpg,3360,2100,health_pcare,2770,1017,3083,1105
TOR_00031.jpg,3360,2100,rest_drink,252,513,1050,618
TOR_00031.jpg,3360,2100,health_pcare,1232,557,1484,638
TOR_00031.jpg,3360,2100,rest_drink,1721,576,1947,635
TOR_00031.jpg,3360,2100,rest_drink,2185,530,2319,600
TOR_00031.jpg,3360,2100,rest_drink,2100,544,2188,634
TOR_00031.jpg,3360,2100,rest_drink,2328,533,2449,603
TOR_00031.jpg,3360,2100,rest_drink,2455,555,2521,636
TOR_00032.jpg,3360,2100,rest_drink,1133,932,1717,1042
TOR_00032.jpg,3360,2100,fashion,2285,943,2807,1005
TOR_00033.jpg,3360,2100,rest_drink,1162,1050,1330,1112
TOR_00033.jpg,3360,2100,other,1532,929,1741,954
TOR_00034.jpg,3360,2100,rest_drink,941,693,1143,781
TOR_00035.jpg,3360,2100,rest_drink,44,596,655,765
TOR_00035.jpg,3360,2100,rest_drink,675,514,1359,704
TOR_00035.jpg,3360,2100,rest_drink,1385,471,2221,678
TOR_00035.jpg,3360,2100,rest_drink,2300,395,3343,626
TOR_00036.jpg,3360,2100,other,2227,947,2686,1084
TOR_00036.jpg,3360,2100,technology,1878,1086,2008,1121
TOR_00036.jpg,3360,2100,technology,2049,1064,2201,1122
TOR_00037.jpg,3360,2100,technology,2415,1013,2871,1101
TOR_00037.jpg,3360,2100,technology,2095,1041,2380,1105
TOR_00037.jpg,3360,2100,rest_drink,1821,1067,2029,1119
TOR_00037.jpg,3360,2100,rest_drink,1645,1083,1803,1119
TOR_00038.jpg,3360,2100,rest_drink,2027,1021,2272,1056
TOR_00038.jpg,3360,2100,rest_drink,2328,1013,2716,1057
TOR_00038.jpg,3360,2100,rest_drink,2766,993,3285,1059
TOR_00039.jpg,3360,2100,other,942,800,1299,864
TOR_00039.jpg,3360,2100,other,1381,800,1868,870
TOR_00039.jpg,3360,2100,other,1929,802,2319,892
TOR_00039.jpg,3360,2100,other,2396,820,2731,886
TOR_00040.jpg,3360,2100,other,916,728,1148,774
TOR_00040.jpg,3360,2100,other,1164,723,1464,767
TOR_00041.jpg,3360,2100,health_pcare,653,313,1126,449
TOR_00042.jpg,3360,2100,rest_drink,2019,557,2232,653
TOR_00042.jpg,3360,2100,health_pcare,1576,636,1837,711
TOR_00042.jpg,3360,2100,health_pcare,1037,671,1230,708
TOR_00042.jpg,3360,2100,technology,655,642,960,706
TOR_00042.jpg,3360,2100,health_pcare,381,664,587,706
TOR_00043.jpg,3360,2100,rest_drink,48,660,776,770
TOR_00043.jpg,3360,2100,technology,471,434,848,590
TOR_00044.jpg,3360,2100,other,193,813,811,918
TOR_00044.jpg,3360,2100,other,2144,857,2517,940
TOR_00045.jpg,3360,2100,rest_drink,2089,905,2490,986
TOR_00046.jpg,3360,2100,food_beverage,1153,178,3126,325
TOR_00047.jpg,3360,2100,other,243,912,723,1061
TOR_00047.jpg,3360,2100,rest_drink,864,868,1881,984
TOR_00047.jpg,3360,2100,fashion,1927,789,3029,1127
TOR_00048.jpg,3360,2100,other,272,763,1260,936
TOR_00048.jpg,3360,2100,rest_drink,1401,462,3032,878
TOR_00049.jpg,3360,2100,health_pcare,1865,447,2542,732
TOR_00049.jpg,3360,2100,other,2582,555,3351,722
TOR_00050.jpg,3360,2100,finance_investing,2014,574,3219,692
TOR_00051.jpg,3360,2100,rest_drink,4,452,1676,822
TOR_00051.jpg,3360,2100,rest_drink,2746,590,3355,846
TOR_00052.jpg,3360,2100,rest_drink,519,283,1786,627
TOR_00052.jpg,3360,2100,rest_drink,2071,541,2882,714
TOR_00052.jpg,3360,2100,fashion,3036,395,3360,612
TOR_00053.jpg,3360,2100,food_beverage,530,476,1407,702
TOR_00053.jpg,3360,2100,rest_drink,1451,333,2744,627
TOR_00053.jpg,3360,2100,rest_drink,2841,375,3054,504
TOR_00054.jpg,3360,2100,fashion,660,353,1677,627
TOR_00054.jpg,3360,2100,rest_drink,107,627,609,730
TOR_00054.jpg,3360,2100,food_beverage,1699,506,2514,723
TOR_00055.jpg,3360,2100,rest_drink,2306,476,3031,656
TOR_00055.jpg,3360,2100,rest_drink,1959,605,2279,677
TOR_00055.jpg,3360,2100,rest_drink,1313,679,1548,727
TOR_00056.jpg,3360,2100,fashion,241,443,1784,664
TOR_00056.jpg,3360,2100,health_pcare,1973,570,2549,756
TOR_00057.jpg,3360,2100,rest_drink,1837,752,2924,980
TOR_00058.jpg,3360,2100,fashion,289,633,1727,841
TOR_00058.jpg,3360,2100,rest_drink,1885,697,3069,938
TOR_00059.jpg,3360,2100,rest_drink,443,885,1271,1054
TOR_00059.jpg,3360,2100,fashion,1455,796,2845,952
TOR_00060.jpg,3360,2100,rest_drink,1523,583,2511,850
TOR_00060.jpg,3360,2100,rest_drink,668,804,1260,841
TOR_00061.jpg,3360,2100,finance_investing,7,579,1855,739
TOR_00061.jpg,3360,2100,finance_investing,2315,500,2979,741
TOR_00062.jpg,3360,2100,finance_investing,1166,526,2319,662
TOR_00063.jpg,3360,2100,other,936,541,1764,683
TOR_00063.jpg,3360,2100,rest_drink,1802,544,2536,671
TOR_00064.jpg,3360,2100,rest_drink,690,476,1486,649
TOR_00064.jpg,3360,2100,other,2867,423,3354,638
TOR_00065.jpg,3360,2100,other,57,971,579,1078
TOR_00065.jpg,3360,2100,health_pcare,1175,925,1732,1074
TOR_00065.jpg,3360,2100,other,605,956,1144,1074
TOR_00065.jpg,3360,2100,health_pcare,1808,958,2330,1043
TOR_00066.jpg,3360,2100,rest_drink,1664,826,2326,1043
TOR_00066.jpg,3360,2100,rest_drink,2413,1028,2941,1151
TOR_00067.jpg,3360,2100,other,978,239,2710,772
TOR_00068.jpg,3360,2100,other,2,955,784,1135
TOR_00068.jpg,3360,2100,fashion,804,960,1639,1153
TOR_00068.jpg,3360,2100,fashion,1732,899,2390,1092
TOR_00068.jpg,3360,2100,other,2426,927,3002,1085
TOR_00069.jpg,3360,2100,health_pcare,677,785,1273,881
TOR_00069.jpg,3360,2100,other,1276,804,1798,914
TOR_00069.jpg,3360,2100,health_pcare,3012,598,3284,681
TOR_00070.jpg,3360,2100,fashion,559,662,1512,818
TOR_00070.jpg,3360,2100,health_pcare,1760,767,3101,846
TOR_00071.jpg,3360,2100,technology,66,842,770,917
TOR_00072.jpg,3360,2100,health_pcare,362,583,1107,741
TOR_00072.jpg,3360,2100,rest_drink,1153,609,1819,780
TOR_00072.jpg,3360,2100,rest_drink,1924,666,2266,824
TOR_00072.jpg,3360,2100,technology,2884,745,3046,835
TOR_00073.jpg,3360,2100,fashion,2214,717,3146,958
TOR_00073.jpg,3360,2100,fashion,1431,789,2097,931
TOR_00073.jpg,3360,2100,rest_drink,767,811,1361,951
TOR_00073.jpg,3360,2100,fashion,272,842,688,934
TOR_00074.jpg,3360,2100,rest_drink,26,758,793,903
TOR_00074.jpg,3360,2100,health_pcare,1282,780,1652,852
TOR_00075.jpg,3360,2100,food_beverage,118,708,819,800
TOR_00075.jpg,3360,2100,fashion,1385,732,1670,837
TOR_00075.jpg,3360,2100,fashion,1902,903,2105,954
TOR_00075.jpg,3360,2100,rest_drink,2358,715,2766,833
TOR_00076.jpg,3360,2100,health_pcare,1179,793,1663,850
TOR_00076.jpg,3360,2100,rest_drink,1688,757,2241,906
TOR_00077.jpg,3360,2100,gas,1278,828,1383,946
TOR_00077.jpg,3360,2100,gas,655,820,721,884
TOR_00078.jpg,3360,2100,rest_drink,842,574,1592,695
TOR_00078.jpg,3360,2100,health_pcare,1837,603,2402,715
TOR_00078.jpg,3360,2100,health_pcare,1598,607,1830,699
TOR_00079.jpg,3360,2100,rest_drink,528,491,1475,741
TOR_00079.jpg,3360,2100,health_pcare,1797,530,3246,751
TOR_00080.jpg,3360,2100,rest_drink,598,316,2430,513
TOR_00081.jpg,3360,2100,rest_drink,1124,715,1532,811
TOR_00081.jpg,3360,2100,health_pcare,1701,679,2293,800
TOR_00081.jpg,3360,2100,other,2343,723,3055,819
TOR_00082.jpg,3360,2100,rest_drink,59,651,791,776
TOR_00082.jpg,3360,2100,rest_drink,1547,690,2020,773
TOR_00083.jpg,3360,2100,rest_drink,1931,592,2106,708
TOR_00084.jpg,3360,2100,fashion,7,820,522,993
TOR_00084.jpg,3360,2100,other,1030,831,1389,956
TOR_00085.jpg,3360,2100,rest_drink,147,673,1951,879
TOR_00086.jpg,3360,2100,health_pcare,149,502,1157,605
TOR_00086.jpg,3360,2100,rest_drink,1164,522,2207,640
TOR_00087.jpg,3360,2100,health_pcare,723,530,1096,591
TOR_00087.jpg,3360,2100,other,1927,434,2582,500
TOR_00088.jpg,3360,2100,rest_drink,416,498,1909,737
TOR_00088.jpg,3360,2100,other,2078,513,2898,756
TOR_00089.jpg,3360,2100,other,1442,399,2634,618
TOR_00089.jpg,3360,2100,food_beverage,162,309,1302,601
TOR_00090.jpg,3360,2100,gas,1856,381,2143,499
TOR_00091.jpg,3360,2100,food_beverage,2336,798,3230,923
TOR_00091.jpg,3360,2100,food_beverage,2128,802,2281,966
TOR_00092.jpg,3360,2100,health_pcare,1271,932,1427,974
TOR_00092.jpg,3360,2100,other,1870,848,2164,905
TOR_00092.jpg,3360,2100,other,2718,826,3077,892
TOR_00093.jpg,3360,2100,other,340,601,1138,691
TOR_00093.jpg,3360,2100,rest_drink,1186,515,2170,688
TOR_00093.jpg,3360,2100,rest_drink,2187,576,3154,697
TOR_00094.jpg,3360,2100,finance_investing,670,610,1267,717
TOR_00095.jpg,3360,2100,fashion,4,557,951,697
TOR_00095.jpg,3360,2100,other,986,598,1900,754
TOR_00095.jpg,3360,2100,other,1924,528,2652,684
TOR_00095.jpg,3360,2100,rest_drink,2665,636,3277,750
TOR_00096.jpg,3360,2100,food_beverage,215,609,886,738
TOR_00096.jpg,3360,2100,health_pcare,1065,629,1442,761
TOR_00096.jpg,3360,2100,rest_drink,1815,590,2562,704
TOR_00097.jpg,3360,1940,food_beverage,1719,942,2434,1049
TOR_00097.jpg,3360,1940,food_beverage,1041,960,1531,1063
TOR_00098.jpg,3360,1940,rest_drink,620,764,1578,1011
TOR_00099.jpg,3360,2100,rest_drink,125,533,993,713
TOR_00099.jpg,3360,2100,health_pcare,988,467,1902,706
TOR_00099.jpg,3360,2100,rest_drink,1905,454,2363,697
TOR_00099.jpg,3360,2100,rest_drink,2367,454,2985,697
TOR_00100.jpg,3360,1940,health_pcare,126,504,1135,717
TOR_00100.jpg,3360,1940,health_pcare,1242,539,2781,740
TOR_00101.jpg,3360,1940,other,934,847,1837,954
TOR_00102.jpg,3360,1940,rest_drink,409,478,1432,610
TOR_00103.jpg,3360,1940,gas,2491,974,2613,1029
TOR_00103.jpg,3360,1940,gas,634,699,861,839
TOR_00104.jpg,3360,1940,rest_drink,944,466,1535,577
TOR_00104.jpg,3360,1940,rest_drink,1936,482,2294,626
TOR_00104.jpg,3360,1940,rest_drink,18,462,879,630
TOR_00105.jpg,3360,1940,gas,2236,715,2447,792
TOR_00105.jpg,3360,1940,gas,1416,470,1598,614
TOR_00105.jpg,3360,1940,food_beverage,804,871,1041,944
TOR_00106.jpg,3360,1940,food_beverage,348,849,869,983
TOR_00107.jpg,3360,1940,rest_drink,1576,516,2224,741
TOR_00108.jpg,3360,1940,rest_drink,599,419,1225,719
TOR_00109.jpg,3360,1940,health_pcare,383,352,1219,520
TOR_00109.jpg,3360,1940,health_pcare,1349,344,2368,514
TOR_00109.jpg,3360,1940,rest_drink,2519,350,3252,510
TOR_00110.jpg,3360,1940,rest_drink,233,348,1155,640
TOR_00110.jpg,3360,1940,fashion,1154,310,2159,628
TOR_00110.jpg,3360,1940,fashion,2171,294,3042,622
TOR_00111.jpg,3360,1940,rest_drink,776,800,940,926
TOR_00111.jpg,3360,1940,rest_drink,944,798,1128,920
TOR_00111.jpg,3360,1940,rest_drink,1130,792,1318,926
TOR_00111.jpg,3360,1940,rest_drink,1321,790,1507,916
TOR_00111.jpg,3360,1940,rest_drink,1547,798,1986,972
TOR_00111.jpg,3360,1940,rest_drink,2050,806,2475,919
TOR_00111.jpg,3360,1940,other,2596,812,3274,909
TOR_00112.jpg,3360,1940,other,324,717,1011,889
TOR_00113.jpg,3360,1940,rest_drink,304,612,867,776
TOR_00113.jpg,3360,1940,rest_drink,885,626,1424,776
TOR_00113.jpg,3360,1940,rest_drink,895,239,1237,308
TOR_00114.jpg,3360,1940,technology,109,377,719,523
TOR_00114.jpg,3360,1940,health_pcare,741,480,1049,642
TOR_00114.jpg,3360,1940,fashion,1057,644,1446,689
TOR_00114.jpg,3360,1940,fashion,1458,529,1920,709
TOR_00114.jpg,3360,1940,rest_drink,2378,439,2822,652
TOR_00115.jpg,3360,1940,rest_drink,1325,820,1829,966
TOR_00115.jpg,3360,1940,rest_drink,766,885,1299,1057
TOR_00115.jpg,3360,1940,finance_investing,132,845,748,1039
TOR_00116.jpg,3360,1940,food_beverage,725,494,1292,925
TOR_00116.jpg,3360,1940,other,1381,413,1893,618
TOR_00116.jpg,3360,1940,fashion,1385,841,1766,924
TOR_00116.jpg,3360,1940,fashion,2082,435,2479,646
TOR_00116.jpg,3360,1940,food_beverage,2775,792,3129,995
TOR_00117.jpg,3360,1940,rest_drink,1932,788,2679,928
TOR_00118.jpg,3360,1940,food_beverage,1450,871,2015,968
TOR_00119.jpg,3360,1940,other,2021,670,2999,844
TOR_00120.jpg,3360,1940,rest_drink,1614,676,2353,822
TOR_00120.jpg,3360,1940,other,8,606,790,734
TOR_00121.jpg,3360,1940,food_beverage,36,652,611,749
TOR_00121.jpg,3360,1940,food_beverage,660,638,1183,774
TOR_00121.jpg,3360,1940,other,1252,634,2123,798
TOR_00121.jpg,3360,1940,other,2167,672,3082,812
TOR_00122.jpg,3360,2100,rest_drink,495,401,1788,662
TOR_00122.jpg,3360,2100,other,1924,412,3224,671
TOR_00123.jpg,3360,2100,other,662,515,2054,752
TOR_00123.jpg,3360,2100,rest_drink,2152,690,3189,854
TOR_00124.jpg,3360,2100,food_beverage,603,539,1837,701
TOR_00124.jpg,3360,2100,rest_drink,2032,565,2731,705
TOR_00124.jpg,3360,2100,fashion,2735,557,3191,658
TOR_00125.jpg,3360,2100,rest_drink,1710,861,3095,1100
TOR_00125.jpg,3360,2100,health_pcare,1076,958,1692,1065
TOR_00125.jpg,3360,2100,other,351,1004,572,1081
TOR_00126.jpg,3360,1940,finance_investing,1470,822,2266,994
TOR_00127.jpg,3360,1940,technology,755,421,1867,538
TOR_00127.jpg,3360,1940,technology,2025,385,2629,523
TOR_00128.jpg,3360,1940,finance_investing,589,581,1476,798
TOR_00128.jpg,3360,1940,finance_investing,1713,810,1851,857
TOR_00129.jpg,3360,2100,rest_drink,460,386,1492,662
TOR_00129.jpg,3360,2100,health_pcare,1837,346,3183,570
TOR_00130.jpg,3360,1940,rest_drink,1065,557,2159,822
TOR_00131.jpg,3360,1940,rest_drink,354,668,1000,765
TOR_00131.jpg,3360,1940,health_pcare,1059,595,1693,670
TOR_00131.jpg,3360,1940,other,1817,614,2222,693
TOR_00132.jpg,3360,1940,rest_drink,2307,749,2659,875
TOR_00132.jpg,3360,1940,rest_drink,1724,768,1922,873
TOR_00133.jpg,3360,1940,rest_drink,1406,709,2087,907
TOR_00134.jpg,3360,1940,rest_drink,741,674,2007,816
TOR_00134.jpg,3360,1940,other,2159,693,3249,825
TOR_00135.jpg,3360,1940,finance_investing,1582,940,2072,1047
TOR_00135.jpg,3360,1940,fashion,2088,887,2570,1057
TOR_00135.jpg,3360,1940,finance_investing,2698,948,3156,1100
TOR_00135.jpg,3360,1940,rest_drink,10,794,474,1082
TOR_00135.jpg,3360,1940,rest_drink,543,859,1037,987
TOR_00136.jpg,3360,1940,other,1559,587,2246,741
TOR_00137.jpg,3360,1940,rest_drink,737,314,1916,616
TOR_00138.jpg,3360,2100,other,129,574,741,765
TOR_00138.jpg,3360,2100,rest_drink,1363,609,1819,756
TOR_00138.jpg,3360,2100,other,1948,800,2152,872
TOR_00138.jpg,3360,2100,food_beverage,2415,750,2696,827
TOR_00139.jpg,3360,2100,food_beverage,953,653,1911,802
TOR_00139.jpg,3360,2100,other,403,736,896,854
TOR_00140.jpg,3360,2100,health_pcare,793,434,1560,627
TOR_00140.jpg,3360,2100,rest_drink,1620,430,2275,599
TOR_00141.jpg,3360,2100,other,1973,373,2372,518
TOR_00142.jpg,3360,2100,rest_drink,999,254,1882,469
TOR_00143.jpg,3360,2100,other,75,853,724,945
TOR_00143.jpg,3360,2100,other,828,855,1472,947
TOR_00144.jpg,3360,2100,health_pcare,83,572,914,789
TOR_00144.jpg,3360,2100,rest_drink,916,601,1793,796
TOR_00144.jpg,3360,2100,technology,1951,633,3312,837
TOR_00145.jpg,3360,2100,health_pcare,239,425,1173,574
TOR_00145.jpg,3360,2100,other,2286,224,2742,702
TOR_00146.jpg,3360,2100,rest_drink,467,581,982,783
TOR_00147.jpg,3360,2100,other,2720,618,3242,717
TOR_00148.jpg,3360,2100,other,454,329,936,430
TOR_00148.jpg,3360,2100,finance_investing,967,355,1460,438
TOR_00148.jpg,3360,2100,finance_investing,1642,357,2094,434
TOR_00149.jpg,3360,2100,finance_investing,1208,539,2004,668
TOR_00149.jpg,3360,2100,rest_drink,2479,899,2970,987
TOR_00150.jpg,3360,2100,health_pcare,1017,495,1957,580
VAN_00031.jpg,3360,2100,rest_drink,618,324,1232,495
VAN_00031.jpg,3360,2100,other,1848,316,2970,502
VAN_00032.jpg,3360,2100,health_pcare,94,638,405,741
VAN_00032.jpg,3360,2100,rest_drink,710,601,1175,743
VAN_00032.jpg,3360,2100,rest_drink,1519,469,2571,721
VAN_00033.jpg,3360,2100,rest_drink,364,311,3167,598
VAN_00034.jpg,3360,2100,fashion,1300,535,3014,730
VAN_00035.jpg,3360,2100,other,1381,292,1830,689
VAN_00036.jpg,3360,2100,rest_drink,2069,302,2455,429
VAN_00036.jpg,3360,2100,finance_investing,2468,416,2937,493
VAN_00037.jpg,3360,2100,rest_drink,127,456,993,548
VAN_00037.jpg,3360,2100,health_pcare,1078,484,1731,554
VAN_00037.jpg,3360,2100,health_pcare,1734,487,2299,553
VAN_00037.jpg,3360,2100,other,2617,493,3237,546
VAN_00038.jpg,3360,2100,rest_drink,533,208,1686,410
VAN_00038.jpg,3360,2100,health_pcare,1688,272,2578,410
VAN_00038.jpg,3360,2100,rest_drink,2724,296,3257,588
VAN_00039.jpg,3360,2100,rest_drink,127,651,592,761
VAN_00039.jpg,3360,2100,health_pcare,603,614,1188,724
VAN_00039.jpg,3360,2100,rest_drink,1324,563,1955,695
VAN_00039.jpg,3360,2100,other,1964,487,2433,746
VAN_00039.jpg,3360,2100,rest_drink,2450,522,3346,732
VAN_00040.jpg,3360,2100,health_pcare,506,866,995,943
VAN_00040.jpg,3360,2100,other,1039,828,1618,953
VAN_00040.jpg,3360,2100,rest_drink,1773,750,2363,884
VAN_00040.jpg,3360,2100,fashion,2372,743,3030,892
VAN_00041.jpg,3360,2100,rest_drink,2,333,717,521
VAN_00041.jpg,3360,2100,fashion,699,311,1749,644
VAN_00041.jpg,3360,2100,other,1942,55,3329,491
VAN_00042.jpg,3360,2100,health_pcare,592,636,1127,741
VAN_00042.jpg,3360,2100,fashion,1155,601,1609,733
VAN_00042.jpg,3360,2100,health_pcare,1848,576,2321,670
VAN_00042.jpg,3360,2100,other,2468,609,3196,697
VAN_00043.jpg,3360,2100,rest_drink,1004,482,1955,629
VAN_00043.jpg,3360,2100,rest_drink,96,522,946,643
VAN_00044.jpg,3360,2100,rest_drink,484,392,2424,708
VAN_00045.jpg,3360,2100,rest_drink,776,487,1232,570
VAN_00045.jpg,3360,2100,other,1532,487,1924,554
VAN_00046.jpg,3360,2100,other,2424,364,3125,550
VAN_00046.jpg,3360,2100,rest_drink,1780,438,2153,563
VAN_00046.jpg,3360,2100,rest_drink,1223,612,1512,684
VAN_00047.jpg,3360,2100,gas,1791,388,2072,509
VAN_00048.jpg,3360,2100,health_pcare,57,572,826,802
VAN_00048.jpg,3360,2100,health_pcare,837,601,1142,809
VAN_00048.jpg,3360,2100,rest_drink,1153,609,1412,793
VAN_00048.jpg,3360,2100,health_pcare,1618,629,1938,800
VAN_00049.jpg,3360,2100,food_beverage,370,473,565,661
VAN_00049.jpg,3360,2100,health_pcare,2742,118,3202,541
VAN_00050.jpg,3360,2100,rest_drink,1013,478,1469,605
VAN_00050.jpg,3360,2100,other,2244,552,2443,653
VAN_00051.jpg,3360,2100,other,370,219,1205,478
VAN_00051.jpg,3360,2100,finance_investing,1845,261,2498,504
VAN_00052.jpg,3360,2100,rest_drink,2179,570,2584,737
VAN_00052.jpg,3360,2100,rest_drink,1431,583,1777,732
VAN_00053.jpg,3360,2100,other,719,910,1252,987
VAN_00053.jpg,3360,2100,other,2152,910,2764,1002
VAN_00054.jpg,3360,2100,other,1256,607,1558,653
VAN_00054.jpg,3360,2100,health_pcare,1984,616,2269,662
VAN_00054.jpg,3360,2100,health_pcare,2683,559,2955,623
VAN_00055.jpg,3360,2100,rest_drink,679,530,1159,594
VAN_00055.jpg,3360,2100,health_pcare,1977,530,2595,618
VAN_00055.jpg,3360,2100,health_pcare,1732,530,1960,611
VAN_00056.jpg,3360,2100,health_pcare,807,219,1600,397
VAN_00057.jpg,3360,2100,finance_investing,1451,298,2269,383
VAN_00058.jpg,3360,2100,health_pcare,202,755,816,822
VAN_00058.jpg,3360,2100,rest_drink,823,758,1381,821
VAN_00058.jpg,3360,2100,rest_drink,1388,757,1914,818
VAN_00058.jpg,3360,2100,rest_drink,1913,815,2283,859
VAN_00059.jpg,3360,2100,rest_drink,6,414,611,497
VAN_00059.jpg,3360,2100,rest_drink,1267,402,1740,484
VAN_00059.jpg,3360,2100,other,2145,387,2915,485
VAN_00060.jpg,3360,2100,food_beverage,377,241,1100,346
VAN_00061.jpg,3360,2100,rest_drink,319,278,2581,570
VAN_00062.jpg,3360,2100,health_pcare,801,395,1628,527
VAN_00063.jpg,3360,2100,rest_drink,664,469,1598,614
VAN_00063.jpg,3360,2100,rest_drink,1653,423,2267,539
VAN_00064.jpg,3360,2100,food_beverage,118,535,977,638
VAN_00064.jpg,3360,2100,health_pcare,1039,502,2095,620
VAN_00065.jpg,3360,2100,rest_drink,121,557,651,675
VAN_00065.jpg,3360,2100,food_beverage,697,697,1637,750
VAN_00065.jpg,3360,2100,finance_investing,2385,524,3288,691
VAN_00066.jpg,3360,2100,rest_drink,243,622,407,707
VAN_00066.jpg,3360,2100,health_pcare,628,583,797,649
VAN_00066.jpg,3360,2100,rest_drink,1370,456,2106,601
VAN_00066.jpg,3360,2100,rest_drink,2126,423,3073,587
VAN_00067.jpg,3360,2100,finance_investing,298,504,1284,642
VAN_00067.jpg,3360,2100,rest_drink,1561,548,1782,644
VAN_00068.jpg,3360,2100,technology,346,270,1236,575
VAN_00069.jpg,3360,2100,health_pcare,1425,774,2354,873
VAN_00069.jpg,3360,2100,health_pcare,3152,745,3290,861
VAN_00070.jpg,3360,2100,fashion,1013,513,1714,623
VAN_00071.jpg,3360,2100,finance_investing,92,416,864,615
VAN_00071.jpg,3360,2100,fashion,1004,430,1609,540
VAN_00072.jpg,3360,2100,fashion,710,357,1773,596
VAN_00073.jpg,3360,2100,health_pcare,517,618,712,675
VAN_00073.jpg,3360,2100,rest_drink,1363,583,2218,686
VAN_00074.jpg,3360,2100,health_pcare,335,235,1747,399
VAN_00075.jpg,3360,2100,fashion,1035,228,2248,380
VAN_00075.jpg,3360,2100,rest_drink,2275,430,2472,513
VAN_00076.jpg,3360,2100,fashion,725,734,1130,846
VAN_00076.jpg,3360,2100,rest_drink,1243,758,1591,863
VAN_00076.jpg,3360,2100,rest_drink,1692,715,1990,811
VAN_00076.jpg,3360,2100,fashion,2067,798,2475,890
VAN_00077.jpg,3360,2100,fashion,204,414,1201,486
VAN_00077.jpg,3360,2100,health_pcare,1460,381,2304,495
VAN_00077.jpg,3360,2100,fashion,2426,410,3309,482
VAN_00078.jpg,3360,2100,health_pcare,430,235,1362,399
VAN_00078.jpg,3360,2100,other,1363,134,2007,421
VAN_00079.jpg,3360,2100,health_pcare,322,370,1784,486
VAN_00079.jpg,3360,2100,food_beverage,1854,357,2582,486
VAN_00080.jpg,3360,2100,fashion,1177,294,1837,364
VAN_00080.jpg,3360,2100,fashion,2163,276,3244,351
VAN_00081.jpg,3360,2100,health_pcare,1521,292,1922,391
VAN_00082.jpg,3360,2100,food_beverage,180,658,1048,774
VAN_00082.jpg,3360,2100,other,2005,495,2991,668
VAN_00083.jpg,3360,2100,rest_drink,462,414,1087,513
VAN_00083.jpg,3360,2100,rest_drink,1767,353,2278,508
VAN_00084.jpg,3360,2100,other,487,224,1901,391
VAN_00085.jpg,3360,2100,rest_drink,92,384,938,568
VAN_00085.jpg,3360,2100,rest_drink,1028,384,1357,546
VAN_00085.jpg,3360,2100,rest_drink,1797,432,2516,605
VAN_00086.jpg,3360,2100,other,1050,563,1631,690
VAN_00087.jpg,3360,2100,health_pcare,123,809,382,984
VAN_00087.jpg,3360,2100,health_pcare,414,809,701,978
VAN_00088.jpg,3360,2100,other,918,732,1560,925
VAN_00088.jpg,3360,2100,rest_drink,1732,728,2098,916
VAN_00088.jpg,3360,2100,rest_drink,2323,684,3095,960
VAN_00089.jpg,3360,2100,rest_drink,785,351,1307,522
VAN_00089.jpg,3360,2100,other,210,309,775,541
VAN_00090.jpg,3360,2100,rest_drink,1232,226,1771,491
VAN_00090.jpg,3360,2100,rest_drink,1797,478,2518,664
VAN_00090.jpg,3360,2100,rest_drink,2795,539,3163,699
VAN_00091.jpg,3360,2100,rest_drink,679,445,1209,583
VAN_00091.jpg,3360,2100,health_pcare,1223,443,1821,570
VAN_00091.jpg,3360,2100,health_pcare,2003,377,2187,576
VAN_00091.jpg,3360,2100,rest_drink,2361,421,3347,583
VAN_00092.jpg,3360,2100,food_beverage,1692,872,2954,971
VAN_00092.jpg,3360,2100,rest_drink,774,494,1508,696
VAN_00093.jpg,3360,2100,rest_drink,801,605,1467,696
VAN_00093.jpg,3360,2100,rest_drink,1514,453,2104,561
VAN_00093.jpg,3360,2100,health_pcare,58,427,695,576
VAN_00094.jpg,3360,2100,health_pcare,2607,240,3227,386
VAN_00094.jpg,3360,2100,health_pcare,1315,313,1759,421
VAN_00095.jpg,3360,2100,other,1832,354,2788,559
VAN_00096.jpg,3360,2100,food_beverage,1607,435,2075,520
VAN_00096.jpg,3360,2100,food_beverage,2160,392,2730,494
VAN_00096.jpg,3360,2100,food_beverage,1081,444,1537,532
VAN_00097.jpg,3360,2100,finance_investing,61,567,1268,725
VAN_00098.jpg,3360,2100,rest_drink,2426,362,3180,587
VAN_00098.jpg,3360,2100,food_beverage,818,409,2402,678
VAN_00098.jpg,3360,2100,health_pcare,64,462,812,602
VAN_00099.jpg,3360,2100,rest_drink,1569,541,2364,608
VAN_00099.jpg,3360,2100,rest_drink,1216,748,1359,818
VAN_00100.jpg,3360,2100,rest_drink,41,266,1105,503
VAN_00100.jpg,3360,2100,rest_drink,1154,538,2159,637
VAN_00100.jpg,3360,2100,health_pcare,2343,504,2827,620
VAN_00100.jpg,3360,2100,rest_drink,2887,515,3314,629
VAN_00101.jpg,3360,2100,food_beverage,1580,381,2676,545
VAN_00101.jpg,3360,2100,rest_drink,1076,555,1534,658
VAN_00102.jpg,3360,2100,rest_drink,1197,467,2315,660
VAN_00102.jpg,3360,2100,rest_drink,2334,469,3353,664
VAN_00102.jpg,3360,2100,rest_drink,20,462,513,609
VAN_00103.jpg,3360,2100,rest_drink,2080,618,2545,699
VAN_00103.jpg,3360,2100,rest_drink,2674,311,3187,480
VAN_00103.jpg,3360,2100,rest_drink,1322,750,1627,792
VAN_00104.jpg,3360,2100,other,896,362,1703,572
VAN_00104.jpg,3360,2100,rest_drink,94,377,874,565
VAN_00105.jpg,3360,2100,rest_drink,1444,228,2165,460
VAN_00106.jpg,3360,2100,rest_drink,747,530,1466,751
VAN_00106.jpg,3360,2100,rest_drink,1565,579,2402,739
VAN_00106.jpg,3360,2100,other,2418,478,3108,728
VAN_00107.jpg,3360,2100,rest_drink,489,662,1416,861
VAN_00107.jpg,3360,2100,rest_drink,1442,660,2860,798
VAN_00108.jpg,3360,2100,food_beverage,842,443,1760,660
VAN_00109.jpg,3360,2100,health_pcare,1530,592,2608,724
VAN_00110.jpg,3360,2100,finance_investing,1017,462,1552,648
VAN_00110.jpg,3360,2100,other,1554,452,2047,651
VAN_00110.jpg,3360,2100,health_pcare,2163,414,2882,653
VAN_00111.jpg,3360,2100,rest_drink,708,473,1241,580
VAN_00112.jpg,3360,2100,rest_drink,42,478,1057,581
VAN_00112.jpg,3360,2100,rest_drink,1109,419,1617,594
VAN_00112.jpg,3360,2100,other,1804,414,2440,598
VAN_00113.jpg,3360,2100,food_beverage,399,500,1230,559
VAN_00113.jpg,3360,2100,rest_drink,1431,254,1731,425
VAN_00113.jpg,3360,2100,rest_drink,2415,318,2919,487
VAN_00114.jpg,3360,2100,rest_drink,1148,373,1801,583
VAN_00114.jpg,3360,2100,finance_investing,1889,642,2264,723
VAN_00115.jpg,3360,2100,food_beverage,307,136,1471,373
VAN_00115.jpg,3360,2100,rest_drink,1648,662,1959,743
VAN_00116.jpg,3360,2100,finance_investing,1602,296,2172,500
VAN_00116.jpg,3360,2100,rest_drink,2231,316,2707,474
VAN_00117.jpg,3360,2100,rest_drink,1699,511,2023,599
VAN_00118.jpg,3360,2100,rest_drink,110,276,923,484
VAN_00118.jpg,3360,2100,rest_drink,942,219,1670,429
VAN_00118.jpg,3360,2100,other,1679,399,2214,524
VAN_00119.jpg,3360,2100,rest_drink,649,292,1793,505
VAN_00120.jpg,3360,2100,food_beverage,259,305,1219,454
VAN_00120.jpg,3360,2100,other,1977,248,2345,412
VAN_00121.jpg,3360,2100,rest_drink,432,171,1765,410
VAN_00122.jpg,3360,2100,rest_drink,956,574,1320,627
VAN_00122.jpg,3360,2100,rest_drink,2133,530,3135,615
VAN_00123.jpg,3360,2100,fashion,199,443,738,601
VAN_00123.jpg,3360,2100,fashion,1188,495,1578,646
VAN_00124.jpg,3360,2100,fashion,583,434,1416,530
VAN_00124.jpg,3360,2100,other,1451,338,2319,522
VAN_00125.jpg,3360,2100,rest_drink,2959,493,3255,565
VAN_00126.jpg,3360,2100,fashion,416,320,1179,513
VAN_00126.jpg,3360,2100,fashion,1280,320,1863,458
VAN_00126.jpg,3360,2100,fashion,2766,276,3163,416
VAN_00127.jpg,3360,2100,fashion,644,438,1310,534
VAN_00127.jpg,3360,2100,fashion,2089,355,3351,434
VAN_00128.jpg,3360,2100,fashion,401,311,969,451
VAN_00128.jpg,3360,2100,fashion,1611,316,2150,454
VAN_00129.jpg,3360,2100,rest_drink,1429,316,2352,577
VAN_00130.jpg,3360,2100,gas,1582,644,1860,738
VAN_00131.jpg,3360,2100,other,1653,495,2760,872
VAN_00132.jpg,3360,2100,other,311,447,1142,491
VAN_00132.jpg,3360,2100,technology,2069,497,2637,588
VAN_00133.jpg,3360,2100,other,88,386,877,504
VAN_00133.jpg,3360,2100,fashion,971,405,2361,523
VAN_00133.jpg,3360,2100,fashion,2435,416,3003,541
VAN_00134.jpg,3360,2100,fashion,745,331,1258,458
VAN_00134.jpg,3360,2100,fashion,1508,452,2139,518
VAN_00135.jpg,3360,2100,fashion,951,180,1370,290
VAN_00135.jpg,3360,2100,fashion,1916,195,2295,305
VAN_00136.jpg,3360,2100,other,447,245,732,328
VAN_00137.jpg,3360,2100,finance_investing,1234,329,2444,474
VAN_00138.jpg,3360,2100,finance_investing,776,565,1640,705
VAN_00139.jpg,3360,2100,health_pcare,1328,697,1712,846
VAN_00140.jpg,3360,2100,fashion,500,629,1451,734
VAN_00140.jpg,3360,2100,health_pcare,2227,436,3270,675
VAN_00141.jpg,3360,2100,other,224,436,947,543
VAN_00141.jpg,3360,2100,other,1661,467,2376,566
VAN_00142.jpg,3360,2100,other,533,612,1138,708
VAN_00143.jpg,3360,2100,finance_investing,1468,210,1891,293
VAN_00144.jpg,3360,2100,other,1591,550,1968,728
VAN_00145.jpg,3360,2100,finance_investing,1464,386,2593,509
VAN_00146.jpg,3360,2100,health_pcare,903,441,1806,555
VAN_00147.jpg,3360,2100,health_pcare,210,511,721,643
VAN_00147.jpg,3360,2100,health_pcare,2016,538,2519,678
VAN_00148.jpg,3360,2100,rest_drink,1762,669,2779,771
VAN_00149.jpg,3360,2100,rest_drink,310,269,1017,564
VAN_00149.jpg,3360,2100,rest_drink,1146,357,1722,609
VAN_00150.jpg,3360,2100,other,1911,537,2573,701
VAN_00151.jpg,3360,2100,fashion,745,408,1308,634
VAN_00152.jpg,3360,2100,rest_drink,640,452,1883,623
VAN_00153.jpg,3360,2100,fashion,1368,353,2012,555
VAN_00154.jpg,3360,2100,other,164,576,817,736
VAN_00154.jpg,3360,2100,rest_drink,1271,601,2034,746
VAN_00154.jpg,3360,2100,food_beverage,2341,375,3185,610
VAN_00155.jpg,3360,2100,fashion,449,546,811,697
VAN_00155.jpg,3360,2100,other,1219,447,2924,655
VAN_00156.jpg,3360,2100,finance_investing,1212,423,1959,526
VAN_00157.jpg,3360,2100,food_beverage,789,362,1780,472
VAN_00158.jpg,3360,2100,rest_drink,1302,199,2398,344
VAN_00159.jpg,3360,2100,other,374,276,1164,470
VAN_00160.jpg,3360,2100,health_pcare,1245,329,1740,496
VAN_00161.jpg,3360,2100,fashion,504,557,951,636
VAN_00161.jpg,3360,2100,other,1072,541,1504,618
VAN_00161.jpg,3360,2100,other,2203,526,2720,590
VAN_00162.jpg,3360,2100,other,480,386,1048,531
VAN_00162.jpg,3360,2100,other,1138,412,1625,548
VAN_00162.jpg,3360,2100,fashion,1986,436,2387,552
VAN_00162.jpg,3360,2100,fashion,2468,458,2808,561
VAN_00163.jpg,3360,2100,fashion,1045,307,1760,506
VAN_00164.jpg,3360,2100,rest_drink,1249,864,2134,934
VAN_00164.jpg,3360,2100,other,2635,850,3211,1021
VAN_00165.jpg,3360,2100,fashion,491,828,1032,907
VAN_00165.jpg,3360,2100,other,1074,855,1247,919
VAN_00165.jpg,3360,2100,other,1407,877,1889,971
VAN_00166.jpg,3360,2100,other,153,800,1135,890
VAN_00166.jpg,3360,2100,other,1223,881,1970,934
VAN_00166.jpg,3360,2100,other,1995,923,2558,971
VAN_00167.jpg,3360,2100,finance_investing,39,302,889,574
VAN_00167.jpg,3360,2100,rest_drink,2665,682,3255,824
VAN_00168.jpg,3360,2100,fashion,1284,162,2805,397
VAN_00169.jpg,3360,2100,food_beverage,1716,528,2437,627
VAN_00169.jpg,3360,2100,rest_drink,2542,495,3346,629
VAN_00170.jpg,3360,2100,food_beverage,2363,706,2898,785
VAN_00171.jpg,3360,2100,other,423,493,1127,625
VAN_00172.jpg,3360,2100,health_pcare,625,379,1364,517
VAN_00172.jpg,3360,2100,health_pcare,1412,434,1866,583
VAN_00173.jpg,3360,2100,finance_investing,585,390,1354,482
VAN_00174.jpg,3360,2100,rest_drink,583,447,2740,673
VAN_00175.jpg,3360,2100,gas,837,121,1705,305
VAN_00176.jpg,3360,2100,food_beverage,11,515,1293,647
VAN_00176.jpg,3360,2100,food_beverage,1486,423,2407,633